,Artists Name,Artist ID,Track Name,Track ID,Release Date,Popularity,Danceability,Energy
0,Daddy Yankee,4VMYDCV2IEDYJArk749S6m,Con Calma,5w9c2J52mkdntKOmRLeM2m,2019-01-24,94,0.737,0.86
1,Pedro Capó,4QVBYiagIaa6ZGSPMbybpy,Calma - Remix,5iwz1NiezX7WWjnCgY5TH4,2018-10-05,96,0.826,0.773
2,Anuel Aa,2R21vXR83lH98kGeO99Y66,Secreto,5W83ErFkO3aKAIS1WMi6u0,2019-01-15,94,0.807,0.803
3,Paulo Londra,3vQ0GE3mI0dAaxIMYe5g7z,Adan y Eva,6FyRXC8tJUh863JCkyWqtk,2018-11-05,94,0.767,0.709
4,Mau y Ricky,2wkoKEfS6dXwThbyTnZWFU,Desconocidos,0s5DNDV6LAKn2u2Ufa3VjQ,2018-10-12,92,0.709,0.771
5,Sebastian Yatra,07YUOmWljBTXwIseAUd9TW,Un Año,5BDP2tky8oMQJPS33frKVp,2019-01-18,88,0.771,0.382
6,Daddy Yankee,4VMYDCV2IEDYJArk749S6m,Adictiva,6MJUCumnQsQEKbCy28tbCP,2018-11-09,90,0.788,0.771
7,Duki,1bAftSH8umNcGZ0uyV7LMg,Sin Culpa (feat. DrefQuila),3dLiBBKbeUIhzGNeuo5JGS,2018-12-07,81,0.641,0.652
8,Ozuna,1i8SpTcr7yvPOmcqrbnVXY,Baila Baila Baila,7uH27oIt4a6cIFCA8ZPcyG,2019-01-05,93,0.816,0.754
9,Paulo Londra,3vQ0GE3mI0dAaxIMYe5g7z,Forever Alone,5NPzbTzFxIQPaheZuPhn4f,2019-02-13,79,0.864,0.426
10,J Balvin,1vyhD5VmyZ7KMfW5gqLgo5,Reggaeton,2D3z17LBMJ2HEHeBFFjTLi,2018-11-17,88,0.747,0.74
11,Anuel Aa,2R21vXR83lH98kGeO99Y66,Amanece,1LiN0Z98FkR1t0m8KmLcAH,2018-12-14,90,0.79,0.631
12,Lady Gaga,1HY2Jd0NmPuamShAr6KMms,Shallow,2VxeLyX666F8uXCJ0dZF8B,2018-10-05,92,0.572,0.385
13,Bad Bunny,4q3ewBCX7sLwd24euuV69X,MIA (feat. Drake),116H0KvKr2Zl4RPuVBruDO,2018-10-11,95,0.817,0.539
14,Rombai,5KQX0Ui06LVm6PApyicRFK,Me Voy,22sESxzbY1O1E19xjOTaYf,2018-09-28,79,0.531,0.752
15,Ariana Grande,66CXWjxzNUsdJxJ2JdwvnR,7 rings,6ocbgoVGwYJhOv1GgI9NsF,2019-02-08,92,0.771,0.32
16,Sebastian Yatra,07YUOmWljBTXwIseAUd9TW,Ya No Tiene Novio,7uQmJ1jgNzBpATSoWKSPFu,2018-08-10,86,0.632,0.832
17,DJ Snake,540vIaP2JwjQb9dm3aArA4,"Taki Taki (with Selena Gomez, Ozuna & Cardi B)",4w8niZpiMy6qz1mntFA5uM,2018-09-28,95,0.841,0.798
18,Piso 21,4bw2Am3p9ji3mYsXNXtQcd,Te Vi,059bcIhyc2SBwm6sw2AZzd,2018-12-14,89,0.877,0.777
19,Piso 21,4bw2Am3p9ji3mYsXNXtQcd,Puntos Suspensivos,04cd1MHVq1D8v1nuTZoCdv,2018-05-11,85,0.823,0.731
20,Luis Fonsi,4V8Sr092TqfHkfAA5fXXqG,Imposible,4cuGZb0iFyHtwaSKdKrJkF,2019-02-01,74,0.783,0.738
21,Anuel Aa,2R21vXR83lH98kGeO99Y66,Ella Quiere Beber - Remix,2cYnZNzFRFK0H7vSNxPsUq,2018-11-02,91,0.751,0.665
22,Becky G,4obzFoKoKRHIphyHzJ35G3,Cuando Te Besé,2XXMDz7SPZ4mSFN1PXfHUy,2018-08-02,86,0.772,0.732
23,Bad Bunny,4q3ewBCX7sLwd24euuV69X,NI BIEN NI MAL,278kSqsZIiYp8p3QjYAqa8,2018-12-23,88,0.826,0.449
24,Cauty,2QUvtLq6oQaX0LNsYY2fas,Ta To Gucci (Remix),7kuRvjpeUcn6qNV9IBXC2C,2018-12-07,84,0.73,0.648
25,Karol G,790FomKkXshlbRYZFtlgla,Créeme,1mT47pKLXUwPYGwB91GcNz,2018-11-02,87,0.715,0.872
26,Various Artists,0LyfQWJT6nXafLPZqxe9Of,Bubalu,7dNwJbsT0sg1le5kVugGJb,2018-11-06,88,0.8,0.355
27,Modo Diablo,0ulX41eWF9mhfeAhOu4EU0,"TRAP.N.EXPORT (feat. Duki, Ysy A & Neo Pistea)",3aozFlnbP7zhcJKi9O0FUz,2019-02-08,69,0.82,0.741
28,Kevin Roldan,1RBzGO6Nm3uyhUSxP7EDWO,PPP,1DcxnVNFAyVl2sDQ646pXS,2018-09-07,84,0.786,0.65
29,Amenazzy,6kq4GHwUcUojGIu0ziSNXf,Baby,2IA8cFA46DkjgbsRG7kKbp,2018-12-21,84,0.7,0.71
30,Reik,0vR2qb8m9WHeZ5ByCbimq2,Amigos Con Derechos,2zDj4WjbNDmrRL6Z4YjjCA,2018-08-31,85,0.686,0.807
31,6ix9ine,7gZfnEnfiaHzxARJ2LeXrf,BEBE (feat. Anuel Aa),4KkUjFkcQvGvWekl8RATDn,2018-11-27,87,0.635,0.902
32,Bad Bunny,4q3ewBCX7sLwd24euuV69X,Solo de Mi,4uP3pUP18ennmz0tb3GphR,2018-12-23,81,0.743,0.73
33,Damas Gratis,3YeBTR1Q1rUxKguz4jP6UV,Me Vas a Extrañar - En Vivo,3CACzG9I3AoKUKA3ODE5zW,2018-09-07,75,0.419,0.809
34,FMK,0dUyjgCyjfj5eMx6bX2TWf,Parte de Mi (feat. Lit Killah),4OocfNloIRk77ncIKBdYwb,2019-02-07,69,0.615,0.471
35,Lit Killah,1vqR17Iv8VFdzure1TAXEq,Tan Bien (feat. Agus Padilla),43Q1jBoHh3pQkh3Oy7TA1g,2018-11-29,74,0.784,0.761
36,Bhavi,7fT2Me47PQ8T7954PKrcwR,No Lo Entiendo,2pfV8fZZdLRsZYatVGKlUq,2019-01-24,71,NaN,NaN
37,Brytiago,00XhexlJEXQstHimpZN910,Asesina - Remix,59PYgzOiOjGDzjDT5N5oOX,2018-10-31,86,NaN,NaN
38,ChocQuibTown,6tkyhGe9hGI3Lcfo4gVh6Z,Pa Olvidarte (feat. Manuel Turizo) - Remix,2ktoFujjJtantyMoVdBJlX,2019-02-01,82,NaN,NaN
39,Manuel Turizo,0tmwSHipWxN12fsoLcFU3B,Sola,675w3ACw5xZR3ODhUJlEVN,2018-11-09,81,NaN,NaN
40,Ariana Grande,66CXWjxzNUsdJxJ2JdwvnR,"thank u, next",3e9HZxeyfWwjeyPAMmWSSQ,2019-02-08,89,NaN,NaN
41,Paulo Londra,3vQ0GE3mI0dAaxIMYe5g7z,Chica Paranormal,7zAGi1cps7yYhAajGXlFTH,2018-07-24,78,NaN,NaN
42,Ariana Grande,66CXWjxzNUsdJxJ2JdwvnR,"break up with your girlfriend, i'm bored",4kV4N9D1iKVxx1KLvtTpjS,2019-02-08,97,NaN,NaN
43,Maluma,1r4hJ1h58CWwUQe3MxPuau,Mala Mía,62o8KoI44JfN7aYxgTnPvh,2018-08-10,84,0.749,0.752
44,Ozuna,1i8SpTcr7yvPOmcqrbnVXY,Vaina Loca,48zFZh27QU5qsrBjn4C2FA,2018-08-24,88,0.754,0.805
45,Dalex,0KPX4Ucy9dk82uj4GpKesn,Pa Mí - Remix,224EVTFiLsdQignUFLvDeH,2019-02-07,76,0.688,0.62
46,Jowell & Randy,4IMAo2UQchVFyPH24PAjUs,Dile la Verdad,6qP73DRFGojLuIk1siIhNE,2019-01-11,84,0.886,0.701
47,Queen,1dfeR4HaWDbWqFHLkxsg1d,Bohemian Rhapsody - Remastered 2011,7tFiyTwD0nx5a1eklYtX2J,1975-11-21,80,0.397,0.396
48,TINI,7vXDAI8JwjW531ouMGbfcp,Quiero Volver,5NrIX1ozc9LGt19ISgPDIY,2018-10-12,72,0.672,0.83
49,Karol G,790FomKkXshlbRYZFtlgla,Culpables,6q8Lb50EtqNeeJXXe8mMAH,2018-09-14,86,0.728,0.801
